Func1,Func2,Func3,Func4,Func5,Func6,Func7,Func8,Func9,Func10,Func11,Func12,Func13,Func14,Func15,Func16,Func17,Func18,Func19,Func20,Func21,Func22,Func23,Func24,Func25,Func26,Func27,Func28,Func29,Func30,Func31,Func32,Func33,Func34,Func35,Func36,Func37,Func38,Func39,Func40,Func41,Func42,Func43,Func44,Func45,Func46,Func47,Func48,Func49,Func50,Func51,Func52,Func53,Func54,Func55,Func56,Func57,Func58,Func59,Func60,Func61,Func62,Func63,Func64,Func65,Func66,Func67,Func68,Func69,Func70,Func71,Func72
6802.610159,19904.56787,1157.568216,2699.116943,3835.201979,1015.083313,799.9732494,811.5668297,1672.693729,895.5299854,5255.055189,938.5633469,792.6757336,1215.323925,6973.388195,20563.39145,2617.320299,875.440836,1336.756945,4125.716209,804.4908047,68330.07956,1011.23786,833.2931995,25183.91871,4914.79373,1654.308558,1968.048811,815.0217533,121712.9064,10218.03284,824.1269588,1993.478537,6097.104549,1095.309496,37215.5695,1029.031992,1055.033684,1114.647627,11055.89294,1494.636774,10564.15439,14089.02216,581673.6164,802.4873734,44132.50756,3090.886116,863.2297516,835.321188,1584.989786,6738.75293,1570.697998,3239.90625,1198.190212,799.612999,813.0626678,813.4043217,1375.673771,3054.616451,1016.530037,2657.815933,862.6570702,819.9574947,886.2636089,1346.969843,895.9829807,836.7516994,913.0344391,944.7467327,2318.575859,834.8932266,3414.305687
6805.373669,19958.802,1156.464815,2307.970703,4538.62381,1035.014153,818.3290958,814.2361641,1672.202587,922.7762222,5136.681795,1275.279284,803.8208485,995.5191612,7099.675894,19912.29248,2557.299376,835.4520798,1313.569307,4375.869036,792.3219204,73160.1429,852.8342247,812.0896816,24858.1953,4835.644007,1655.496836,1982.853651,854.3701172,121157.6078,10372.02907,815.1268959,1656.913757,5954.169273,1133.179903,36954.21839,796.9708443,1076.433182,1432.170391,10994.45438,1493.471146,39223.33264,15158.24986,579473.2075,802.1121025,44254.26483,2558.670521,862.9233837,831.6299915,1658.27322,6580.891113,1809.415283,3327.728027,1148.565054,796.5452671,838.6559486,813.9588833,1354.312658,3054.616451,1032.815933,2577.232361,897.6955414,802.2787571,895.9445953,1339.767694,888.010025,876.2483597,853.6653519,832.480669,2226.870537,813.7903214,3560.905695
6813.827038,20033.38013,1154.71983,2557.625977,4255.129099,1018.867493,794.1641808,815.0987625,1652.88496,915.1403904,5236.417532,954.7095299,1115.236759,994.738102,7046.539545,21232.48911,2622.40696,856.2400341,1614.875078,3915.447235,836.5776539,69706.45714,826.3809681,1067.347288,24254.143,4850.477695,1673.571348,1995.274067,796.4587212,121615.499,10349.50876,795.427084,1696.94519,6034.438133,1114.40897,36434.45516,847.4128246,1073.669434,1132.624388,9796.525478,1554.195404,10297.95027,14797.37616,601014.3516,807.0261478,44435.72235,3439.531803,858.6285114,852.8363705,1623.543501,7103.057129,1797.741699,3765.95874,1214.275837,803.8201332,798.2103825,799.6025085,1356.659412,2032.586575,996.5584278,2652.77791,897.4437714,1605.539799,909.6903801,1382.18689,861.9122505,949.6417046,934.6196651,839.0173912,2261.884212,953.8531303,3459.340811
6812.46686,19788.16895,1176.043987,2423.901611,3775.995731,1117.16485,813.699007,799.5495796,1654.549837,895.1029778,5120.472431,953.8567066,805.3379059,1012.179136,7220.944166,19889.21022,2782.210827,838.023901,1315.551996,4074.420452,803.1182289,69863.00087,816.0500526,851.695776,25223.57416,4814.310551,1754.145145,1956.253767,814.801693,121999.6881,10277.34303,797.7437973,1675.273418,6935.885668,1155.731916,36376.16849,800.3559113,1074.131012,1155.614138,11154.8152,1477.422476,9765.949011,14397.09401,600934.305,821.7294216,43994.43221,2997.2229,1165.204048,814.9137497,1891.552687,6635.95874,1762.705811,3639.199951,1189.274311,806.5638542,801.9580841,797.0542908,1373.525381,1983.716488,1014.078379,2673.718214,894.7091103,798.7465858,961.5380764,1408.057451,858.8359356,993.432045,874.6447563,821.2866783,2228.820324,833.4982395,3243.375301
7113.210678,19863.39282,1195.510626,2745.114746,3736.151218,1018.069029,816.259861,797.3172665,1636.728525,897.6538181,5117.070198,956.2790394,801.5313148,1015.416384,7159.16419,20087.37636,2469.034672,836.1446857,1292.77873,4083.531618,798.0458736,67590.36732,814.1758442,833.4112167,24232.53679,4935.604095,1751.818895,1933.756828,834.4318867,62217.51952,10583.43697,858.1933975,1653.07045,6152.459383,1775.015116,36996.78564,798.8052368,1093.241215,1118.943214,9996.268034,1493.75391,10334.13482,14986.08899,600960.1343,810.3003502,45932.92952,2425.954819,876.7721653,853.8885117,1629.345894,5910.360107,1722.583984,3438.111084,1209.179878,811.9568825,895.9226608,794.0425873,1374.965668,2003.60322,1014.789104,2616.157055,894.8297501,796.9737053,884.739399,1366.36138,957.5698376,878.3242702,949.0623474,852.355957,2066.867113,858.1085205,3500.865459
6803.891182,19967.92065,1178.201199,2610.994873,3794.014454,1015.214205,814.3718243,793.4136391,1635.417223,1151.551247,5138.386011,954.8642635,810.7037544,1054.891825,7112.193108,19819.90552,2462.043762,833.5244656,1335.236311,4216.638088,816.5910244,68577.90208,800.3766537,815.2518272,25009.69434,4813.942909,1774.322987,1917.762518,825.0977993,122954.628,10248.86322,836.4822865,1674.218655,6113.307476,1176.724434,35642.7114,828.8373947,1053.241968,1133.723736,9814.878464,1816.186666,10640.78164,15638.94677,561059.1216,826.1671066,44713.61828,2675.644636,889.9247646,835.1659775,1628.366232,5809.909912,1455.647949,3236.00415,1414.852381,815.7067299,815.747261,810.8267784,1395.297766,1921.153307,1075.41728,2674.110889,874.122858,1134.249449,901.144743,1308.436155,845.0009823,842.1871662,876.5180111,826.0140419,2314.754725,836.3890648,3408.365965
6806.338787,19840.32007,1213.989258,2319.036865,3974.692583,1015.679598,867.5272465,793.6935425,1655.569315,914.5750999,5134.945154,933.1412315,796.8702316,994.5037365,7069.195986,19932.7023,2673.721313,837.9392624,1355.349302,4015.289545,813.0402565,69598.19078,814.7132397,813.5097027,25705.33872,4874.179125,1751.014948,1934.160948,815.9546852,121417.5606,10636.69467,795.8593369,1694.953918,6253.567934,1155.098438,37837.22305,812.6146793,1090.982914,1134.48,9974.575043,1509.956121,10337.41522,14358.01888,595672.8008,815.7091141,44894.33646,3059.005022,859.8217964,834.7854614,1553.000689,6846.341797,1585.735352,3238.021973,1376.277208,800.2147675,813.028574,814.6328926,1354.462624,1985.951424,1051.206589,2673.77758,896.8610764,814.9991035,920.124054,1287.228584,941.4517879,836.3111019,854.1202545,854.6590805,2348.776817,856.5487862,3392.619371
6806.798458,20232.45996,1157.368898,2255.366699,3776.025295,1014.739275,1039.234877,798.3591557,1654.626846,913.7599468,5169.938803,934.7884655,797.7075577,972.0554352,7376.48797,20401.64852,2587.901831,857.7945232,1332.927704,4173.03443,816.1940575,71284.54304,814.9793148,797.3849773,24854.44045,4813.315153,1974.218845,1913.607121,815.0527477,122857.1672,10406.10075,819.2920685,1692.26861,6074.064255,1133.174658,36731.83155,794.8536873,1073.898315,1118.009567,10043.85662,1455.811739,10628.0663,14493.49046,570500.4594,802.8223515,44200.39463,2576.169491,899.6214867,835.6063366,1606.839418,6965.599854,1600.359863,3448.014893,1193.454981,796.1819172,799.4921207,814.8467541,1356.153011,1977.314711,1015.332699,2656.710863,877.7427673,793.0319309,950.0443935,1348.001003,839.9021626,961.9202614,874.5229244,926.0029793,2048.461437,858.8151932,3592.508316
6809.691191,20032.59302,1175.714493,2616.367188,3686.319351,1013.571024,811.8135929,1014.414549,1656.270266,893.6715126,5155.332327,936.0916615,829.5993805,1014.878988,7137.895107,20107.61166,2519.537687,837.0418549,1514.085293,4175.66061,809.6065521,71057.98674,812.2467995,814.2080307,25355.726,4794.166565,1954.333305,1868.517399,814.3758774,122995.5637,10497.33496,814.7227764,1694.662333,6116.156101,1131.133556,37095.29138,801.4383316,1110.227823,1154.425383,10055.21584,1497.31493,10278.373,14366.18686,592494.5216,799.1440296,44416.44645,3134.883642,848.2441902,872.7197647,1629.146576,6006.674072,2018.281982,3461.320801,1411.628485,835.6695175,856.2602997,810.7199669,1282.28569,2009.407282,1016.120434,2634.724379,896.1150646,1164.560795,916.2671566,1364.021778,953.905344,845.3536034,974.7867584,953.8943768,2069.56625,849.7822285,3414.461851
6804.850578,20018.31812,1190.107822,2422.104248,3654.328108,1056.176186,814.884901,813.457489,1616.73665,1107.679367,5155.802488,1194.575071,789.6020412,1267.636299,7609.686613,20311.6827,2488.202333,856.5657139,1352.454901,4055.029392,818.0625439,70183.27069,811.2440109,813.5597706,24775.98453,5233.429909,1714.998245,1963.978291,812.6814365,121222.0535,10670.39251,1150.401592,1636.88302,6134.388447,1374.176264,36378.07035,1067.924738,1073.152065,1177.314043,9734.029531,1494.809389,10500.48375,14747.7994,597026.4783,797.6608276,44658.57887,2254.281044,1136.237621,815.8679008,1531.965017,6013.907959,1881.158691,3581.759766,1112.622023,793.2379246,803.9431572,794.5179939,1377.020121,1950.568438,995.3129292,2834.793091,857.3064804,814.98909,911.4944935,1409.543753,834.5649242,825.5102634,845.1080322,841.6938782,2162.415743,856.1742306,3374.98188
6807.42979,19928.80029,1175.930262,2301.720947,4035.531521,1014.55617,791.8698788,833.8196278,1593.594074,856.4507961,5274.947166,1113.59477,979.5877934,1032.133818,7389.568806,20320.21236,2506.946087,847.6374149,1295.17293,4149.517536,842.4863815,67768.15057,814.399004,801.4903069,24919.81888,4913.652182,1675.756931,1936.29694,797.1694469,60926.687,10255.17678,813.6401176,1651.919603,6214.721918,1134.024143,37204.09274,797.7747917,1094.916582,1134.025812,9777.127028,1494.384527,10352.34451,14442.58928,600954.4265,812.1187687,45913.58399,2575.024605,861.574173,816.8818951,1574.491262,5900.185303,1594.577148,2991.908936,1126.514912,820.805788,800.4601002,803.7469387,1316.150427,1964.257479,994.584322,2815.804243,878.3056736,797.4727154,1168.740511,1344.564199,945.8174706,887.6986504,956.2692642,854.7964096,2213.340998,853.959322,3825.907469
6805.351496,20016.32202,1415.029287,2492.684814,3874.85981,998.1844425,1275.931597,792.9019928,1654.046059,914.3548012,5241.64629,933.8262081,791.8057442,975.4867554,7341.507435,20952.60358,2578.432322,1140.267849,1354.491949,4017.028093,812.9808903,69934.90791,1057.155848,1117.984295,25069.82064,4856.307983,1694.885015,1995.380402,799.4794846,121559.2177,10354.45738,793.3604717,1955.7271,6014.294863,1174.453259,37476.156,1106.967211,1073.482513,1136.662722,11575.46544,1536.683083,10160.65669,13660.94971,596374.5184,806.9543839,43278.39756,2554.975986,853.730917,815.4540062,1612.896681,5999.810303,1803.634033,3297.539795,1175.033092,799.9374866,797.5518703,813.9848709,1356.06122,1909.60598,1014.184713,2592.926979,1073.827267,833.8136673,928.8132191,1357.365847,955.8806419,872.8711605,887.8576756,824.1090775,2330.723047,812.7765656,3362.289667
6806.010723,19851.76514,1177.116394,2330.896973,3695.054531,1015.273809,1016.026735,794.8725224,1636.515617,892.9502964,5758.033514,1215.517282,799.0455627,1033.810139,7013.948202,20299.28851,2431.021452,836.4439011,1293.930292,4274.998903,814.2411709,68103.34706,814.3069744,815.5946732,24409.22809,4933.913231,1834.12528,1947.047949,797.2271442,29014.63103,10309.35121,800.2667427,1694.669724,6077.63648,1135.216236,37936.37562,1094.225883,1314.584255,1135.309219,9937.300444,1474.324226,10276.05534,14338.54532,555001.8034,819.4823265,44694.9594,3099.544525,847.8112221,835.1514339,1840.611696,5825.70166,1601.916748,2968.054932,1133.880615,1120.763063,818.4638023,814.4547939,1357.300043,1960.556507,1013.485909,2755.279779,893.1276798,1033.654928,914.5207405,1392.061234,905.2312374,869.8487282,996.4206219,896.4962959,2219.164133,886.9941235,3411.262989
6822.572708,19920.52075,1176.400185,2638.033203,3775.100946,996.118784,834.7523212,814.1009808,1657.230139,894.8163986,5115.377903,957.8537941,801.833868,1001.600981,7159.424067,20582.90863,2742.280483,837.3808861,1295.109272,4081.23064,1114.951372,68013.68761,797.9121208,795.5994606,25374.85862,4835.600138,1675.581694,1916.353703,806.183815,60966.48026,10456.86007,798.4800339,1695.823669,6175.464153,1139.729023,36274.99723,796.3678837,1092.856407,1116.53471,10054.19302,1494.057178,10250.91457,14173.24185,577838.248,798.9354134,44078.89342,2233.812809,860.3184223,832.3004246,1574.85199,5857.238037,1809.669922,3328.207031,1157.542944,828.7165165,805.4318428,817.1608448,1319.342136,2011.513948,1021.406174,2636.714697,1139.872789,1134.521008,916.9020653,1445.978403,950.9415627,938.7168884,1018.998861,857.0482731,2086.213827,873.3484745,3209.403038
6806.096554,20122.47485,1155.646801,2545.666016,3714.848757,1035.191774,814.8474693,795.9783077,1655.183077,913.6450291,5195.39094,935.1160526,802.2913933,994.9007034,7188.549757,19829.2625,2494.771242,849.3349552,1352.322578,4116.734266,819.8764324,67886.86895,803.6456108,2007.90143,25113.52658,5052.089453,1714.221001,1890.806198,813.7776852,28235.18753,10171.1843,799.1268635,1676.384687,6659.17325,1220.052719,38157.63235,806.7154884,1074.406862,1140.0702,9833.730936,1470.575571,10716.34364,14954.2644,572071.1648,798.2056141,45859.55763,2995.019674,884.4521046,814.5823479,1627.135038,6925.056885,1612.626221,3564.396729,1141.251802,796.1654663,814.2054081,796.056509,1374.512672,1938.062668,1315.449476,2674.500227,1174.610138,1411.823273,972.1615314,1393.072367,869.9364662,847.5358486,875.472784,895.907402,2228.328943,875.0667572,3667.641401
6873.298168,20438.88916,1213.222265,2524.877197,3856.095791,1014.463902,817.3239231,834.246397,1636.098623,894.4511414,5196.052074,934.5567226,852.628231,1254.505157,7210.888863,19992.02013,3364.414454,835.0989819,1516.824722,4135.552645,815.1469231,69842.21578,1135.712862,799.7918129,25464.5412,5193.631411,1930.4986,2408.83255,799.2784977,122456.5315,10454.56409,1099.235773,1857.655764,6330.070496,1261.748075,37107.73659,826.720953,1123.767614,1156.31628,9917.111397,1540.670395,10654.82616,15397.51387,417020.5507,799.5219231,44596.49205,2864.838362,861.9294167,834.5038891,1572.990179,6858.023193,2059.555908,3362.511719,1168.658495,795.4761982,799.9191284,814.1570091,1413.855076,1982.48148,1014.712572,2613.020182,913.1433964,817.987442,908.523798,1482.722759,967.792511,820.8329678,912.935257,857.2850227,2227.382183,853.990078,3412.776232
6805.491924,20738.58911,1213.357449,2619.084961,3986.308813,1033.541918,797.137022,812.5305176,1634.647846,913.9492512,5553.271055,953.0289173,809.9501133,1035.841942,7170.365095,20137.36391,2508.168459,847.755909,1293.353558,4216.470003,831.1517239,70470.20888,814.1064644,797.262907,24753.68762,4854.854345,1691.402912,2053.465843,796.8111038,28895.34116,10448.12965,1067.709684,1774.698734,6095.305681,1154.224157,36116.56666,800.467968,1074.351072,1442.516804,11035.51555,1474.379539,10305.70555,14723.13547,592648.3126,800.4915714,45473.09589,2678.303242,862.9608154,832.8900337,1573.715687,6927.292969,2008.074951,3446.949951,1177.613497,796.9064713,799.4017601,801.2828827,1334.811211,1918.279171,1054.736376,2574.990511,894.9198723,808.6547852,917.4611568,1353.785038,913.2778645,854.5043468,974.1432667,874.6137619,2318.815708,834.3787193,3376.522541
6807.452679,20446.44482,1173.376322,2523.282959,3692.257166,976.6640663,813.8203621,809.2420101,1635.903835,857.8090668,5193.780661,952.0590305,789.9343967,1013.864517,7138.156652,20938.73286,2985.82387,849.8938084,1334.323883,4235.125542,806.3664436,69599.14064,813.7562275,799.3028164,25149.42932,4892.441988,1677.37031,2194.706202,796.5872288,62578.56607,10430.77278,807.6725006,1654.757977,6024.769068,1134.37748,36175.07744,821.3186264,1093.554258,1153.44882,11153.85365,1675.679922,10257.56288,14372.74647,592259.1722,819.7321892,45217.48018,2657.654285,860.7618809,1433.570385,1611.303329,7005.952148,1905.151123,3236.614014,1146.000624,801.6755581,802.6602268,813.8709068,1355.382919,1933.313608,1296.946049,2953.206539,934.1728687,1523.060083,925.5821705,1408.558369,840.7590389,883.181572,872.1010685,827.3851871,2224.256039,857.0928574,3402.679443
6810.187101,20152.12793,1175.163746,2688.432861,3682.82485,1035.332203,815.8578873,799.659729,1635.019541,992.6207066,5138.952732,994.7779179,798.6040115,1294.896841,7017.251253,20241.17255,2589.191675,836.2557888,1333.923578,4054.237843,819.8533058,68213.59825,800.7450104,813.873291,25154.28662,4813.116789,1694.203138,1974.995136,795.9430218,121196.444,10328.90821,1094.298363,1674.474239,6134.872437,1135.139942,36774.24359,1011.899233,1113.109112,1416.903019,11736.27901,1517.965078,10556.03623,14612.26177,541653.5649,809.5676899,43321.12598,2930.380583,857.4180603,814.7339821,1572.917223,7133.548096,1908.535156,3401.205078,1464.282274,800.4276752,817.9531097,801.4409542,1354.538679,1971.775055,1015.459299,2594.171524,876.5702248,1815.658808,893.6047554,1358.97851,886.9843483,848.1674194,851.8388271,935.213089,2222.42403,872.0192909,3481.670141
6807.2505,20614.41602,1456.543922,2700.74707,3935.239553,1034.644127,815.4973984,796.3411808,1694.149494,893.204689,5273.155212,956.9544792,815.6344891,995.7873821,7052.122116,20254.09079,2654.063225,837.0449543,1472.861052,4093.623161,797.9562283,67188.39812,811.6986752,794.4610119,24169.65938,5376.932621,1715.6775,1933.412552,811.4383221,31075.634,10431.25486,805.4735661,1676.749468,6774.140596,1155.882835,37297.72735,802.4201393,1074.076653,1131.577969,9811.890125,1456.965685,10330.89375,14539.94966,600980.7591,811.8684292,44600.55947,2373.769522,880.0809383,852.0483971,1629.492998,7281.932129,2016.542725,3375.178955,1348.016262,795.9189415,798.3934879,796.3354588,1354.788303,1963.024378,1033.973932,2553.820372,875.6790161,1629.057646,1201.332808,1338.760853,966.342926,948.6987591,916.7354107,851.5412807,2275.276184,859.7650528,3444.679022
6813.449621,20032.32129,1194.835186,2785.707275,3853.307486,1026.945829,834.8691463,810.7633591,1676.71299,954.6403885,5131.0637,937.0858669,800.8623123,986.833334,7252.537489,19979.74992,2493.582249,839.3576145,1335.74748,4134.943962,796.807766,67636.3256,813.7362003,854.2792797,25372.74075,5133.641481,1763.494968,1974.26486,817.2147274,121717.9477,10286.44586,814.9819374,1675.866604,6254.628897,1137.447596,36835.95705,795.0265408,1073.657513,1093.688488,10514.23335,1532.521248,10446.24591,15597.49675,601007.9651,796.1757183,44957.68857,2791.452646,858.8266373,835.3326321,1534.007788,6824.031738,4768.290771,3371.763916,1183.350325,794.1608429,797.0342636,795.2172756,1334.841013,2207.269192,1034.112215,2592.65852,894.9224949,802.6857376,894.4878578,1324.828148,858.9365482,916.3117409,874.8991489,974.5190144,2242.654324,894.951582,3524.493694
6804.943085,20017.323,1232.004881,2520.527832,3794.928074,1017.223835,816.649437,815.4170513,1654.267788,853.597641,5135.25629,934.9842072,799.3953228,993.6351776,7112.410545,20452.22783,2611.284733,850.3375053,1295.560837,3975.353241,806.3864708,66303.16925,798.0470657,799.216032,25866.11366,4834.970236,1753.156662,1916.045189,816.7731762,121455.1625,10302.24919,1034.213543,1911.999226,6174.4802,1136.143684,36235.61502,814.7783279,1089.584827,1115.462303,10014.59241,1473.122835,10255.94735,14184.93652,585682.9696,805.5107594,45935.18043,3034.64818,859.637022,835.2282047,1576.532364,6769.592285,1801.230957,3226.094727,1177.088261,798.2065678,793.5204506,813.8906956,1391.844034,1955.91259,996.2399006,2618.193865,893.5146332,795.0944901,932.9366684,1335.076332,854.3729782,805.6092262,934.2303276,854.5117378,2268.768787,936.2831116,3440.4881
6807.329416,21914.89722,1175.656796,2748.474609,4016.790628,1015.537024,814.2623901,800.1952171,1654.252768,935.2924824,5155.094385,954.9665451,812.9758835,995.8441257,7094.669819,20301.80621,2595.107555,837.4636173,1294.295311,4175.13752,793.4165001,67937.73866,799.0591526,795.3431606,24858.81042,4834.63645,1712.722301,1914.897203,834.4871998,61215.16252,10607.35226,819.1919327,1655.901909,6096.361399,1095.331669,37150.3408,1073.655605,1055.994272,1132.917643,11094.50579,1717.317343,10175.65823,14337.86082,577291.7132,803.2255173,44659.42812,3056.409359,879.3208599,856.3978672,1608.296156,6795.862061,1897.13623,3670.009277,1149.156809,795.1376438,797.7612019,814.7919178,1335.288048,1892.26532,1057.33633,2714.036703,876.2557507,800.1925945,1444.884777,1584.174871,925.4541397,958.2443237,1045.560598,876.0955334,2193.85314,875.6277561,3426.047802
6809.030056,19826.40625,1214.000702,2624.21875,3680.964231,1018.578529,815.5219555,801.4810085,1655.609369,896.0309029,5155.818939,958.231926,797.1591949,974.7064114,7138.218403,20196.29502,2942.320824,834.7814083,1614.332438,4013.509989,792.9272652,70778.27334,1393.545866,1117.998838,24943.42828,4793.590069,1733.290434,1976.046801,813.2617474,33779.30307,10238.39068,856.8620682,1675.2038,6532.330036,1114.390135,35521.29245,801.9912243,1074.768305,1096.034765,10033.20313,1515.143156,10075.57344,14023.95725,597748.5504,1105.960131,44357.3904,2591.158867,883.7385178,843.4517384,1670.271635,7159.84668,1795.834229,3649.878174,1151.569366,1059.221983,795.8612442,797.5444794,1374.485016,2017.179489,1015.14411,2612.855911,910.4213715,820.0137615,918.8685417,1329.622269,868.6003685,904.6487808,874.9997616,836.2030983,2233.422041,832.6745033,3469.160795
6802.552462,20542.625,1235.510349,2630.532715,3835.502863,1319.415808,814.7976398,797.9967594,1694.859743,894.1643238,5138.733387,956.859827,801.2471199,975.8532047,7213.232994,19889.44769,2587.39543,855.1895618,1316.885233,4074.043751,796.8316078,68201.47061,794.8253155,815.7389164,25322.28136,4874.31097,1656.103849,2015.305281,800.6751537,121758.3768,10250.42725,825.1926899,1676.347017,6174.399376,1134.373665,36675.58146,813.4064674,1073.759556,1137.887716,10015.43736,1535.125256,10352.70095,14356.77719,578819.9973,827.0189762,46297.01948,3134.12714,844.36059,834.6085548,1667.47117,6820.390137,2012.844238,3334.664795,1209.268093,810.8179569,795.8304882,813.8539791,1395.673037,1951.048851,1013.728142,2734.992981,874.0508556,807.6074123,1239.632607,1371.957779,870.377779,928.9336205,896.7506886,844.2153931,2213.39345,815.2332306,3592.700005
6805.621862,20235.26392,1173.856974,3122.912842,4073.174953,1328.478813,813.3914471,813.2779598,1639.216661,895.2047825,5215.210438,1154.507637,840.252161,1013.999224,7261.647701,20095.8209,2608.19912,849.8957157,1274.73855,4211.202145,812.2565746,65843.611,834.8402977,813.1093979,25007.80249,4856.778383,1693.623304,2258.771896,800.7872105,60980.24321,10320.70827,818.117857,1674.772024,6797.109842,1174.412489,37637.07137,799.0040779,1134.151697,1133.221388,9773.476601,1493.143082,10456.75397,14592.22102,568244.2439,805.034399,44695.15228,2755.90992,856.1131954,834.3088627,1644.696474,6845.70874,2110.823242,3290.542969,1157.001495,802.0479679,794.1191196,792.5198078,1394.511938,2051.835537,1035.854101,2754.808903,893.6071396,794.588089,893.9502239,1390.051842,874.1905689,963.416338,853.8603783,852.9667854,2208.985806,834.9025249,3398.144484
6810.853004,20548.63086,1231.592655,2380.337891,4202.283859,1036.481142,814.4283295,810.0106716,1633.919239,913.5129452,5157.269001,933.2926273,803.3077717,974.7588634,7199.314833,20453.97973,2707.572699,854.2284966,1313.52973,4107.059479,812.1664524,70279.30212,813.816309,831.3963413,25386.32774,4834.335089,1734.972239,1935.734272,811.8240833,121015.7447,10733.52027,814.6686554,1714.110136,6714.546919,1135.730267,38115.29732,800.9839058,1114.288092,1137.214422,9913.679838,1494.372845,10315.3255,14810.21428,583963.9039,797.2316742,44532.86529,2430.453062,854.6667099,852.0793915,1641.327381,6934.210938,1809.538086,3657.816895,1197.84832,798.1450558,800.0884056,797.8579998,1396.622419,2031.639099,1014.471292,2694.814682,894.9017525,1067.557812,901.7655849,1400.969028,858.2069874,860.7599735,832.7736855,913.2514,2136.321306,837.1465206,3826.682091
6812.280178,20437.29297,1174.420357,2722.908936,3674.068928,996.0720539,855.0620079,802.6018143,1675.796986,931.5135479,5225.579262,992.8610325,795.4647541,993.209362,7230.341911,20188.28607,2625.659943,1134.181023,1293.395281,4008.056164,805.8824539,69185.72164,794.0826416,795.5081463,26082.68309,5054.269314,1713.807344,1915.89427,814.4717216,122935.4379,10554.80099,818.8922405,1655.26557,6055.886269,1133.940458,37616.35709,805.3121567,1093.817472,1111.503601,10892.54332,1474.087477,10812.15143,14759.63545,560536.9546,815.0947094,44993.92414,2732.664347,856.0767174,858.3776951,1644.548893,6820.691162,2097.42334,3548.594971,1154.301167,795.301199,802.3388386,799.6971607,1378.488779,2019.119978,1014.002562,2655.938387,881.8314075,797.7051735,942.710638,1352.430105,862.019062,847.3117352,973.3963013,856.9056988,2092.082977,955.8587074,3387.552738
6805.695534,20353.73828,1245.945454,2508.700928,3825.403214,1034.98745,818.3090687,802.4020195,1673.935413,891.8423653,5364.417791,954.5149803,812.8921986,972.5246429,7178.166866,20012.74633,2691.959381,855.591774,1332.406044,4313.180447,826.8370628,70695.12391,813.7788773,814.0408993,24784.554,4954.304218,1734.933615,1875.485897,814.9352074,121677.4168,10408.24842,835.2427483,1694.823265,6735.087156,1095.322609,37002.08306,795.4895496,1074.421883,1134.669304,10198.45009,1535.305023,10652.0586,15593.09673,576783.1762,811.3322258,44694.93937,2893.581152,859.6024513,834.6822262,1632.082224,6792.178467,1761.270996,3344.76416,1187.797546,814.9800301,813.7512207,822.3605156,1394.136429,2000.101089,1014.017344,2664.159536,894.4823742,831.9270611,916.1674976,1262.951612,916.3353443,852.5960445,882.9979897,829.6899796,2231.226444,836.5545273,3439.581871
6807.706356,20446.14697,1155.185938,2717.361084,4139.131308,1015.154362,817.7549839,795.1226234,1636.007786,1017.790079,5237.415552,1135.205984,1062.069893,995.901823,7191.516399,19935.46391,2735.775232,839.2775059,1314.335585,4233.752966,795.9749699,68482.16653,815.112114,820.3439713,24374.48025,5913.437366,1692.830324,1974.116802,798.7146378,64493.77537,10362.82992,808.3610535,1715.792179,6354.305267,1173.938751,36895.8056,792.0706272,1114.688158,1133.654594,10976.41993,1494.283438,9731.433153,14910.00676,576671.4916,1118.267059,44403.06211,2333.122015,861.4709377,855.4837704,1902.092457,7042.376953,2016.062012,3321.826904,1152.233601,800.9383678,1109.713793,801.2766838,1894.202709,1976.427555,997.954607,2636.549234,933.0413342,1136.665344,1300.072908,1367.641449,867.6526546,859.6379757,1034.445047,834.4550133,2238.656044,835.9515667,3460.473537
6810.744524,20740.58691,1333.110094,2705.920166,4618.436337,1015.27977,1094.467402,798.327446,1636.51967,854.9966812,5154.253006,1214.893103,794.7955132,973.8502502,7378.705502,20436.33986,2575.345993,871.568203,1351.5172,4176.37825,815.3042793,72046.50688,796.2026596,797.1725464,25952.88038,4814.382553,1834.148169,1993.906736,815.0830269,121218.9255,10374.04561,889.5258904,1691.632032,6153.60117,1123.570681,38139.98222,796.1587906,1370.229721,1134.884119,11154.6948,1573.853254,10457.10135,14430.15242,566277.097,799.5462418,44276.91078,2533.692122,894.6471214,857.2080135,1944.784641,6951.233643,1809.383057,3449.045898,1165.264845,798.2850075,805.7990074,801.4013767,1330.195189,2294.06786,1013.442039,2654.399395,1150.880575,793.497324,1020.278454,1345.357418,949.2022991,827.4121284,1194.236755,897.8271484,2291.489601,854.2273045,3419.892311
6810.708284,20917.27832,1154.568195,2530.200928,4115.000486,1013.831615,812.8976822,800.1601696,1652.920246,914.9255753,5115.246534,914.689064,1059.749126,1013.197422,7178.013802,20733.60729,2650.077105,837.9926682,1615.058184,4755.720139,1057.16157,69159.10649,816.5729046,795.2828407,25422.29795,5356.269598,1720.045805,1998.396635,853.1086445,61159.77287,10310.25672,796.4837551,1693.989515,6075.314283,1172.09506,37154.9046,792.9885387,1075.017929,1114.480734,9933.467388,1733.61063,10641.73245,15070.00256,601206.9936,798.1963158,44973.74177,2671.948671,867.338419,1300.596237,1618.835449,6825.826172,1797.511963,3031.635986,1415.109634,818.9072609,1095.371008,833.6696625,1374.483824,2094.866037,1035.879612,2750.034809,894.5975304,798.8371849,936.2211227,1337.442636,914.0217304,854.1219234,891.9680119,839.9164677,2341.286898,835.829258,3579.480171
6806.781769,19931.0459,1232.248068,2721.085205,3713.237762,999.5365143,810.7511997,798.946619,1655.302048,916.4848328,5119.47298,937.5226498,1096.224785,993.2205677,7456.400871,19985.06117,2727.858782,855.850935,1314.859152,4040.470123,831.2058449,65857.4605,797.6338863,797.5087166,25852.83875,4810.336828,1692.24596,1914.184332,814.9249554,122353.3027,11024.63078,835.9358311,1638.448954,6016.623259,1174.626827,37433.21157,796.3094711,1094.394207,1132.712603,10175.4961,1514.323235,10828.34387,14625.66161,579571.9645,1098.652601,43594.07926,2454.60391,1136.94644,822.7083683,1574.605227,5886.589111,1813.894043,3341.268066,1133.607388,803.8341999,814.677,823.8415718,1334.61833,2013.17811,1032.767534,2616.402149,896.0399628,798.2273102,1151.401043,1298.461914,875.9756088,907.0956707,1089.970112,853.24049,2243.553162,875.2925396,3267.508745
6801.642895,20342.21484,1173.530102,2540.812988,4021.695614,1015.103102,854.1648388,812.8573895,1681.163549,913.582325,5192.31987,932.7340126,796.7512608,955.5957317,7071.536064,20367.79618,2557.230711,838.7260437,1314.22925,4664.602041,811.6247654,70063.33876,793.8773632,797.6737022,25159.19113,4873.939991,1714.001179,1954.18787,914.2417908,61756.22392,10659.2052,797.5687981,1674.467802,6135.115862,1177.756071,35775.61808,810.5945587,1115.423679,1134.791613,10795.10927,1535.774708,10667.85192,14223.55795,577820.3411,823.1403828,43776.45111,2934.583902,1083.193541,836.2133503,1533.013105,7016.332764,1807.593994,3007.822998,1387.351751,1148.830175,1062.161922,1097.2085,1575.060606,1940.625429,1239.842176,2694.878817,1674.054146,793.4088707,919.577837,1338.353395,946.4445114,896.7161179,878.5426617,836.3084793,2295.806646,833.4574699,3399.575949
6808.532238,20635.46387,1156.439781,2729.536865,3955.431938,1035.575628,853.3709049,853.5676003,1656.649113,894.0839767,5155.228138,1195.186615,800.5023003,973.5620022,7144.505024,21161.23533,2608.952999,856.2998772,1317.099333,4213.30452,1262.406111,67176.74875,813.4269714,799.9789715,25215.89828,4814.14938,1775.355577,1936.47027,812.0558262,121117.3818,10566.10203,808.6133003,1693.027735,5897.533894,1136.0569,36893.22543,1101.676941,1072.441578,1096.644402,9995.009899,1494.670391,10701.57552,14475.76594,596838.6927,801.1240959,44338.72843,2452.096701,858.2384586,835.1285458,1537.465811,7098.220215,1904.244873,3127.510986,1207.281828,813.8720989,805.6282997,814.0158653,1396.914482,1958.227396,1055.169106,2678.489685,1137.026072,801.3694286,922.6317406,1395.969868,931.6985607,837.2511864,890.3193474,861.6812229,2250.71764,896.2056637,3392.575741
6803.815842,19931.98291,1156.473875,3325,3840.325356,1014.565229,814.2313957,797.5981236,1974.891901,895.7550526,5134.239674,934.7536564,814.057827,995.1534271,7121.33193,20056.25296,3034.168482,837.7254009,1290.974617,4195.170164,815.6211376,69703.38511,793.4920788,795.8981991,24938.68709,4815.336943,1956.252575,1976.704836,814.252615,121209.1618,10451.99633,838.322401,1655.449629,6195.195675,1134.603024,36733.1562,800.4593849,1095.062733,1116.371632,10054.85463,1575.077534,10315.7227,14697.119,601032.7799,819.8571205,45795.23778,2576.05648,861.5567684,831.6016197,1669.346094,7063.064209,1784.827393,3234.835938,1125.631094,1393.677235,793.5197353,801.0840416,1394.303322,1935.411692,1034.652948,2656.339884,897.1021175,1137.43186,901.5543461,1349.269152,845.7598686,853.0938625,832.5152397,855.1230431,2257.541895,815.7784939,3398.31686
6805.476904,20438.07202,1153.188705,2610.093994,3872.93005,1032.391548,834.8786831,812.9403591,1712.436199,1151.890516,5138.841629,934.9453449,1043.158293,973.7038612,7159.18684,20136.28078,2590.936661,849.7169018,1314.949751,4176.732302,797.712326,67488.08002,800.3816605,838.6399746,25319.92388,4853.970051,1734.09915,2404.248476,799.2379665,121153.2643,10172.56355,795.9749699,1654.773951,6297.051907,1114.813328,37755.81336,812.3660088,1111.979485,1133.422136,9791.300774,1493.106127,10680.25494,14251.31655,576497.4787,817.9135323,44712.52131,2214.098454,857.9201698,852.3993492,1631.999016,7494.512939,1602.927002,3557.417969,1410.136461,803.7693501,796.7569828,800.178051,1394.710541,2297.649145,1039.254904,2592.513561,892.4722672,834.5723152,927.4501801,1404.87361,854.5644283,850.3525257,875.695467,895.8301544,2073.260307,812.7851486,3841.848135
6820.188999,19846.78271,1154.994488,2627.084717,3895.400763,1014.839172,794.4655418,806.5786362,1654.533386,891.7448521,5175.22049,955.9354782,808.1798553,1014.760017,7332.365274,20293.63275,2657.216072,854.7232151,1591.2745,4767.658949,792.1774387,67251.17397,814.3415451,814.7089481,25040.82465,4813.192606,1673.555374,1981.092453,804.908514,122270.684,10312.63494,813.2545948,1933.684587,6094.521046,1133.099556,36972.4555,815.8307076,1113.433123,1153.061152,9676.691294,1495.475292,10356.78601,14417.89818,572516.9916,798.0744839,45014.94241,2340.246439,1047.043562,833.0862522,1670.420408,6732.799805,1889.517822,3334.218994,1153.587818,824.1827488,820.0263977,813.9467239,1392.57431,2009.525299,1174.359322,2677.806139,895.2414989,808.7630272,907.0565701,1325.502634,912.3747349,928.9557934,1150.022507,840.8522606,2476.694822,961.3513947,4011.154652
7094.096184,20139.94434,1192.160606,3023.785156,3891.104698,994.8587418,813.7011528,812.048912,1668.201923,875.4467964,5133.215427,1254.910231,801.192522,974.2147923,6915.004492,20181.85997,2641.468525,834.5382214,1455.155849,4114.505291,802.1931648,69782.58061,846.2622166,828.694582,25187.69717,4894.649744,1694.555044,1995.212078,815.9909248,61278.31221,10312.45542,834.2211246,1673.16556,6276.910305,1113.582373,36454.86975,797.0452309,1073.440075,1116.0326,10396.57187,1473.613262,10442.41643,14555.26376,555248.2913,1060.759306,44255.96905,2961.929798,905.1718712,833.4200382,1652.123213,7027.301758,1910.039307,3442.610596,1145.077705,830.634594,1127.488136,815.2675629,1371.186018,1948.497772,1017.761469,2652.685165,896.8672752,811.7597103,891.1590576,1639.886141,873.8036156,845.8025455,853.8703918,873.2354641,2222.48745,856.5747738,3338.794231
6811.631203,19893.69507,1133.599043,2598.156738,3976.12977,1014.439106,814.6293163,1384.356022,1653.413057,854.6662331,5197.313309,918.0860519,822.6969242,1013.488531,7979.609966,20278.83029,2489.001989,832.4673176,1615.742207,4095.801353,796.9183922,70078.77326,1114.472866,815.04035,24852.18906,4852.748871,2059.550285,1913.782835,1094.414473,32414.43539,10429.92139,806.5729141,1993.70575,6355.900764,1173.871994,37274.03951,814.9893284,1054.739237,1133.342028,9598.154068,1535.587788,10336.86376,14870.27597,582478.7784,806.7581654,45392.62486,2511.577368,860.4221344,833.9807987,1570.329666,6921.078369,2007.920166,3744.405762,1164.435625,803.3287525,817.1744347,813.9648438,1316.322803,1971.295118,997.4973202,2594.050169,897.0990181,796.8747616,910.1662636,1317.639589,852.6182175,936.4418983,1068.146229,844.2921638,2226.572514,858.0079079,3426.891327
6847.323895,20038.02026,1174.470663,2377.004883,4015.230656,1015.669584,815.1726723,831.9392204,1654.825449,894.723177,5376.446009,958.3079815,803.011179,952.3649216,7144.646168,20176.26548,2521.748543,858.042717,1511.160612,4177.530289,822.3567009,69987.06388,816.5183067,798.1109619,24837.20565,4815.295696,1690.697432,2233.467102,815.4525757,121264.447,10309.24845,831.6500187,1670.57395,6014.342785,1135.154009,36834.9185,818.8364506,1088.774443,1135.992289,9995.220423,1495.627165,10317.96002,14658.59199,555606.9121,811.126709,44897.76158,2917.161226,857.3036194,813.5452271,1649.955273,6801.913086,1605.14502,3034.928223,1199.700832,804.2416573,814.8186207,815.6383038,1411.182404,1988.096237,1031.446695,2634.600639,916.9678688,1097.356796,916.6765213,1352.008581,900.2037048,856.6741943,833.0380917,834.9504471,2224.087715,916.5122509,3464.83469
6810.979605,20637.27783,1191.690445,2515.052979,3715.369225,1014.46557,834.7840309,815.9019947,1693.11142,932.5687885,5134.550095,956.3145638,793.9970493,973.4554291,7113.678217,20190.43732,3075.859547,831.5684795,1336.200476,4374.058723,799.9689579,67498.31915,796.8740463,812.8097057,24505.19872,4895.721674,1711.367369,1875.453234,814.5012856,121554.8761,10421.08703,812.3788834,1666.377783,5974.9825,1133.069754,37335.09183,809.3066216,1114.208221,1134.008408,9973.351955,1475.543261,10631.94466,14495.87655,560951.6442,811.6428852,45237.04743,3028.419256,862.7207279,835.5901241,1645.642042,6628.623047,1618.817871,3434.712646,1131.744385,802.7739525,796.7433929,1015.192509,1375.115871,1950.429916,994.7080612,2653.414011,915.2245522,818.4411526,926.9509315,1442.896366,897.2482681,874.0820885,874.8226166,845.3423977,2234.225273,833.8599205,3230.11899
6804.054976,20036.72314,1154.36697,3082.885742,3694.821596,1013.4027,795.2795029,797.9221344,1633.723259,893.9907551,5135.363817,953.0816078,793.3661938,973.3667374,7197.97492,19871.72818,2731.360912,836.3111019,1475.536108,4377.329111,800.8897305,70020.03264,817.504406,1132.010221,24816.98751,5373.51346,1676.464319,1932.278633,812.5786781,29115.1886,10194.43727,819.2107677,1753.958702,6654.052019,1173.118591,36136.60812,803.6556244,1069.264174,1112.005234,9753.094912,1473.828793,10715.20066,14669.78264,583851.0354,794.1613197,44275.87724,2518.410683,860.401392,834.0353966,1629.222631,6864.960205,1596.899902,3136.276123,1156.528711,1071.396589,799.1082668,816.4474964,1334.563494,1911.536694,1033.507347,2633.490562,894.22822,1800.244331,927.6771545,1337.198496,845.6087112,880.5649281,854.2096615,973.7188816,2103.629112,813.4264946,3416.712523
6805.700541,20301.84204,1173.391104,2411.025146,3735.58116,1032.635212,795.5479622,820.649147,1654.024363,892.8403854,5194.629431,965.7456875,805.7761192,1034.429789,7286.331892,19829.07224,2564.436197,832.9327106,1314.112902,4235.32033,797.6632118,69513.92484,815.3886795,1071.526289,24541.0037,4775.081158,1676.137209,1973.578215,1174.144983,121995.8694,10394.66715,834.6045017,1673.789978,5755.105495,1122.498035,37094.12861,799.1483212,1116.767645,1113.942385,9875.869036,1495.079517,10498.56925,14599.79582,588566.2661,805.0191402,46070.75667,2329.995155,860.660553,835.3197575,1605.914354,7030.840088,1506.610107,3169.806885,1171.334982,804.320097,811.062336,794.2025661,1317.354679,1994.744778,1038.935423,2615.558147,897.190094,809.179306,909.6615314,1329.503536,988.5983467,870.4991341,951.0438442,810.9948635,2247.64514,872.1060753,3501.546621
6809.848785,19923.99414,1233.06179,2379.885254,3836.339474,1015.17868,815.9990311,801.3696671,1654.616833,874.4261265,5176.037788,933.1219196,796.5097427,973.916769,7209.60927,19905.64394,2634.531975,854.0506363,1311.865568,4359.347582,811.0280037,68713.49502,814.1477108,814.5718575,24173.54822,4815.014839,2016.73007,1935.32896,796.3490486,28032.37653,10256.65259,799.1783619,1934.137821,6992.977858,1425.832987,36291.83078,817.6779747,1037.139893,1133.560896,10016.47401,1494.229317,10145.12205,14301.19014,574737.0682,797.7554798,44714.10394,2610.77714,859.4815731,832.1664333,1566.614151,7030.559814,1566.776611,3338.779785,1172.391415,817.3639774,835.272789,799.5460033,1316.340446,1974.524498,1015.069246,2636.174917,896.1541653,791.3398743,923.9897728,1348.85478,873.9500046,886.4989281,894.8051929,852.8358936,2321.284294,851.4807224,3237.791777
6805.716991,19732.76294,1214.083195,2528.38208,3714.894295,1037.456274,812.2007847,799.933672,1655.729532,914.9754047,5213.677645,938.2004738,796.2200642,1014.203072,7291.053772,19770.3805,2703.690052,851.8550396,1293.559313,4175.077677,808.1576824,67972.58401,833.3194256,811.8610382,24928.22146,4947.410583,2054.126501,2193.477392,802.0062447,121290.9529,10731.76908,851.3700962,1652.214527,6126.942158,1132.650614,36716.40754,796.4980602,1092.754364,1131.232738,10546.73743,1472.814322,10815.38105,14894.91773,586964.3958,799.3247509,46816.48779,3236.11021,852.5002003,832.7255249,1545.892239,6722.287842,1485.85083,3126.998047,1133.839369,817.8703785,828.3865452,854.5758724,1374.231339,2217.547655,1031.664371,2615.683079,896.928072,802.1371365,900.4921913,1378.332138,850.2748013,864.9921417,1044.169188,834.8960876,2237.746239,1036.490202,3321.099758
6811.578035,19922.39404,1194.006443,2297.804199,3706.777096,1018.704176,814.6955967,803.4465313,1633.780479,954.2946815,5176.782846,934.6868992,803.1907082,974.5755196,7116.06431,20365.20481,2629.71139,872.2169399,1316.498518,4072.731256,816.3692951,69461.14826,1041.327238,814.0559196,24406.17919,4813.122749,2276.985884,1975.447893,798.7809181,28149.49512,10268.92757,1157.031536,1676.133633,6836.597443,1142.935038,36654.86646,796.6828346,1075.297117,1133.579254,10172.75262,1514.672041,10183.44593,14031.11815,558684.0713,795.6204414,44942.46507,2534.928799,857.6292992,816.5535927,1617.93232,7466.501221,1905.542236,3237.623047,1168.306589,811.8863106,803.5037518,815.435648,1374.607325,1923.149586,1015.486002,2633.235455,896.263361,817.6965714,905.78866,1377.620935,946.845293,847.9669094,834.1956139,876.6291142,2210.430384,856.7957878,3391.026497
6809.937716,22901.76489,1233.794451,2079.808838,4013.232231,993.9432144,816.8025017,837.385416,1673.772097,953.9790154,5233.677626,936.9149208,793.3795452,997.0543385,7092.100859,20232.58185,2632.127523,835.5760574,1455.773592,4058.497667,814.3417835,69551.05329,814.3048286,811.9750023,25532.51672,4917.084694,1673.407078,1917.421103,814.4891262,122857.6198,10366.15753,852.6427746,1696.925879,6055.08399,1137.492418,36395.67232,820.4987049,1135.122299,1134.608746,9956.304789,1514.482737,10276.81279,12871.61088,564629.647,1027.448416,45552.526,2878.952503,885.3387833,815.6664371,1890.151739,6924.011719,1684.250732,3168.026855,1175.759315,799.1569042,801.964283,812.9925728,1374.403954,1971.650124,1035.229206,2635.953903,895.2782154,2127.602339,1195.957422,1407.150269,870.7716465,844.1967964,911.028862,866.904974,2332.118511,875.5509853,3434.116602
6818.233013,19723.41797,1172.26553,2356.87207,3813.330412,1014.813185,815.4435158,799.2680073,1678.221464,870.2383041,5237.391472,934.5989227,809.1139793,974.7803211,7294.928074,20338.74679,2588.350058,837.174654,1633.838654,4271.775723,1079.470873,67591.12215,798.1235981,800.1875877,24815.93442,4813.824654,1719.39826,1896.111965,796.091795,28370.6696,10333.31609,798.2394695,1654.886007,6034.813881,1133.439541,36469.18893,798.022747,1096.29631,1115.067959,10195.77503,1534.70397,10273.24724,15045.31717,587787.6217,811.8724823,46429.16417,2456.055164,862.5569344,832.7469826,1650.949478,5914.756104,1904.276123,3235.545654,1175.648212,792.5364971,799.9048233,914.7098064,1374.253273,1994.939089,1013.804436,2674.738646,914.4024849,828.263998,938.8277531,1379.792929,925.2870083,863.5835648,1066.93697,835.4341984,2313.190937,855.3783894,3267.043829
6803.569555,20542.625,1154.173613,2452.012695,3934.424877,1014.803648,813.4336472,813.1980896,1693.484068,995.5165386,5337.884665,934.658289,818.2811737,1294.744492,7313.9503,20279.57034,2578.276157,872.3402023,1292.660713,4177.475452,795.8369255,72927.03748,852.5388241,797.470808,26082.68309,4793.837786,1713.957787,1954.030991,1075.094223,61831.41804,10074.77641,832.0109844,1754.099607,6190.709591,1154.257536,36294.69681,800.0588417,1116.621017,1115.27133,10017.56644,1534.767628,10545.56179,15101.40967,417020.5507,811.7702007,46333.03857,2854.27618,858.4821224,853.7621498,1616.487741,6738.75293,1729.937012,3234.114014,1194.405317,802.0555973,1358.329058,1054.71468,1656.0781,1947.523117,1015.777826,2693.595886,1175.519228,1163.619757,901.5462399,1361.604452,902.5845528,854.0298939,876.4359951,857.1362495,2350.521803,840.2345181,3487.019539
